ward,target_pct_vunerable
00A93O0,11.658965032535002
01V40KO,25.756530480836663
01ZHVW0,4.506735163979999
028YQJX,3.370178486586667
02G8W11,0.2455480604016667
03RU77Q,18.23360879120333
0935C30,22.681710201764997
0DCE4FB,15.853289156286667
0DUEHMX,2.5330305083666667
0FTXTHP,4.046234521150001
0FXECHK,4.490222086983334
0HCX91F,1.4903221620783333
0IKGARI,0.4456613961450002
0JRGKQ4,6.5398192138816675
0KTSEXR,0.8823376797833334
0M6MX2A,3.506375352726667
0P8S06V,38.31530754883332
0PBSOBF,9.306544984608331
0PNJX5M,1.0369438111083336
0RA7XHK,0.22449776427
0S7C4DH,1.6395350774383337
0TRP3ER,39.76913190070001
0US7N2T,24.34685236390666
0WS5BT8,36.82429603946665
0XABPKH,32.90072046678332
0XE31PI,11.396187401195002
0Y0V3J8,21.70061642838833
0YPOXHL,22.894666416491667
0ZFUG7F,10.148474524808336
105NU2D,36.079238294366654
10OB8IW,0.3121411098283334
14EYJ6K,35.72872694536666
151LFIB,3.9554076741216644
17FACUG,6.754950051451665
18M5SKB,9.433730117983334
1B4JFVL,37.61712189456667
1BF4WMH,0.3649945685616668
1BIEG1U,3.8115753887400006
1C2TVDR,33.06103133793667
1C48ZJ2,22.38167590432333
1CMO0Y4,0.8423309928716669
1CUTFTD,35.17897127218335
1DNN5IJ,24.76555360826835
1FG5H0O,38.882226782583324
1IOYQOT,38.25680791959999
1JBNE5I,0.08231777864000002
1LGRAYJ,9.425504828811672
1O20G6P,1.593321076326667
1PD72TN,30.349665734111664
1Q75HEP,0.9504978110283332
1RW5NMZ,0.6604872970749998
1SZBSWT,0.14119388186500004
1U5BC3L,2.98388161044
1WAZ8Q0,0.7469592219500001
1YE6439,0.7737780539933332
1YIF2RN,0.5992899869866664
215TAPC,2.3684637954116665
22DG8AR,34.70231747253334
233CS64,26.458201379216668
24JY8CX,27.685545234168327
24OX2ZO,35.91921266376667
24WYRNI,39.96414866793335
257YM8M,7.618044560228338
26I3DN0,0.6880677069400001
26RDOIK,31.09483358682834
2861T51,24.787743384171666
28FV4CA,1.7891679815366666
28XXOHY,9.90980637347
2B8E3IA,33.482546211283335
2BFC9MJ,5.035436792138334
2D2Z50D,2.8144470310816674
2DF76GS,24.442090529066657
2EEDA3F,23.677584172019998
2FO0WKT,26.477560835125004
2H6Z1TB,37.32031424549998
2IZ2FOA,33.37783327886667
2KJIQI4,0.4106756336733334
2L6Z5NV,3.5822978639049996
2LDKL4U,25.937174904676684
2MDACB3,3.511430696943334
2MQD51O,0.31960338524333326
2OAIZ4C,40.71482291001667
2OU52SS,31.100313050941683
2QKDSRB,0.7957961695133332
2R2BYQK,0.8157277694666665
2RFLYH2,0.2340445188466666
2SNGXJS,15.98711415384166
2SZ6BB2,25.402975504491668
2U3Z9GM,0.46259905395666656
2VQN76H,2.9996563592783327
2WJG38Y,0.25682139714166674
2WN9P3F,24.476287054679997
2WNNN6R,37.22339407195002
2ZDX7JP,13.857567136743333
2ZJX6E6,25.140891791588327
3369B4X,1.966085377563334
33AU2EF,6.207077960341669
34HQTD8,4.385129540556665
34JHI35,0.194796862215
37HAXAE,0.7686196232916666
38QC76K,24.630174069893343
3ARUZR4,2.1444333098750006
3C8W5V6,1.6677618280899995
3CAYCPX,6.68676804599
3CI0CKX,3.8524743052633346
3D0HQS7,0.7813043873483332
3EA16E7,0.5047070227716666
3EHDLM2,5.137282308818333
3EXPKHN,0.6509320920666665
3F2D9F0,37.96851933248333
3F9T39K,28.596172611876668
3G0G6A3,4.844680755346665
3HJ2SJ7,0.15805012061333326
3IMSK3F,13.230144508705003
3IO8T7J,0.07484690438500001
3K1QDO6,27.887741582304997
3PSGNSV,25.165790442998333
3PUBSAF,36.03090176441668
3Q1BEBW,33.81783495367835
3RCTMF2,7.442076857849997
3RL23LD,2.768361711005001
3VGPDZ5,34.345565938116685
3W7QZ5P,26.801033079206675
3XCKC70,0.5073175083699998
3Y7OY4T,5.571318880816666
3Z7B62W,23.001608315361665
40LFOGC,42.39758266081667
40PHH7U,11.174519937705007
42DZQJA,1.780023001120001
45AI1QH,10.119257789085
47ICDLY,0.2266728623133333
47XV4P3,24.323798154796663
485MJWX,1.235595423825
49HVKTG,0.21800890835499992
49ZGNCJ,1.0727094495533331
49ZNW7E,2.5380425408133336
4D6H3V3,7.334233835793338
4DARAWK,33.26122504543334
4DBURYH,0.10661008330500002
4IJL6PQ,0.13781151824666668
4K01HCW,0.1347549276966667
4KVOUFG,0.13549740281499997
4MUT93Q,0.592937081405
4OMEQQM,0.5369417540583336
4OU1J1Z,0.11000999081666668
4QIL7U4,5.3460431450499994
4RFNZ3K,1.1047548725383327
4RGXG6V,25.66979721681499
4SSME9C,24.08634541955001
4SXBIRR,10.522710153286669
4TAUY40,31.387665846850005
4ULD0F5,21.285356378481655
4UUST6G,2.654573215211666
4W49QH5,16.45197975728666
4W9H5MR,30.50577008383335
4ZOI3KZ,14.47165119190166
50JGUDC,3.5201876190799983
51J42OG,13.923213722048326
52P1YPZ,0.49291758911000016
5404OVK,5.616798558051667
54ILT9A,0.7706152219566665
54VKXXW,5.024252334931668
56AJT4M,28.12495775730333
58DQFW2,3.9352351481033336
59A2WAI,1.9193418938733344
59W1R31,0.48140979040166665
5CGFJF4,0.6219918032883336
5EI2I07,36.87405467073333
5ELWVGE,6.120576055485002
5F2CTMZ,0.20360733748499998
5HVS35S,37.203211384
5JE13GA,42.42805956274999
5K5GJFJ,0.4417187311533332
5KKOYMO,32.19063486668332
5L3M523,0.102431113175
5LVF7CU,1.726659481679999
5MM3YQB,3.5105394185766636
5N0URLB,3.7830802214483334
5N6EZ1S,35.35066595246832
5S3ELYF,20.274138934761666
5TBBZQV,39.7507564562
5WGC8R7,13.023953340568335
5WN9VZF,7.541438461944999
5Y31GRR,35.42210090973334
5YAG9SP,0.10720043393166666
62E22PQ,0.19643187934333337
652X54R,24.15819675088834
65VFJHC,0.23756167919999996
678EWN0,34.689159973816665
683T0RS,3.1224327705966677
6AFF1OZ,31.668268782400006
6C3151N,0.24923182061500004
6D2WD86,0.6386635772400002
6D96UPF,6.648753611265002
6EY3N45,0.18298668619999997
6F42S01,0.4563366839983333
6H5XB06,3.6579608345583337
6HBMUQ1,31.043761629900004
6HR8849,4.94078103024
6I2ADVC,0.30441907631999987
6KA2MF9,25.57439164917668
6NY6KYD,0.1236832579533333
6O6VZL4,2.105670473571667
6OC1RD0,17.05650949731499
6PSLJ54,32.76987075238335
6QNQRT1,2.182049137041668
6RGO7XW,0.32485646591999995
6S3AVBJ,6.003559310191667
6W07TP6,10.931940938433332
6WIZX7C,30.387035659416668
6WKWAXF,15.293257324748334
6WRMCTV,0.6689426613433334
6XO9WKJ,3.1970050763700004
6Z0AG00,0.112274629975
6ZX6KZY,24.171497788691664
70QTSOC,25.173454647873335
70QWCQN,3.0787733046299994
70TT5RG,29.571338560866664
722FB2E,1.0048641765333333
727BLLN,0.19462136214666664
72N4VXM,40.18772721490001
72QMGGF,24.989157995249993
7376KM2,39.961780512749996
74ZW69I,24.607198293656676
75INALX,35.47498038908333
7674G9Z,12.735782157958333
76PGI5C,0.30607801470833335
76XL1DS,8.597785169146668
7871DQY,0.12351342094333333
78NCRDD,39.175606556549994
7B9PJ46,42.07883947903335
7BA3P7L,2.5455377640149988
7BGQBZS,38.086794945916665
7CESXKA,1.2986173486733332
7EYP4G0,5.013642795401666
7G31XF6,24.85043281115334
7H1DT0M,0.4992833187216664
7H26K3P,26.199454844399998
7HJI3YZ,2.9479531293316676
7HS8XBV,9.56352348770667
7J63FDQ,0.4256811806650001
7KMO5P0,26.003077120986674
7KW3SI1,0.2961864793683333
7LF7KJA,18.882081705128343
7LP4WWS,2.379131717401667
7LR536E,36.09980589316834
7O4GI7N,4.369365245716667
7O5642F,42.01856862248334
7OGTH2F,0.15086251868666667
7OPTXE8,1.2241635506833335
7QEL4LH,2.815300176481667
7TCN6IW,1.0570716685416672
7V98R2Q,1.5001195077066671
7Y2MHA7,0.14558181144
7YI3CHO,3.1327600495933354
7YL7D6W,15.138494224870001
7Z6YOV0,1.6986647664916665
7ZGJQ2R,2.067352200455
80PSDM6,0.24168118607333333
80YBLWC,32.78018422445001
82JCYHJ,3.013465146160001
83TRY6G,0.8997946946999998
88NI79C,0.3054376080083333
8CO88MA,12.569130480939998
8F9XEV0,1.0820211490416665
8H1ZG4F,1.0827509539266669
8H7C2ZL,24.661987713376664
8J4DMMT,3.159745652356668
8JAW9CN,0.2553030157933332
8JIS8H6,14.49542576814834
8LYR33E,33.53674201487
8M6KSB8,33.98887800893333
8PIZIXD,8.098338368666669
8Q4ZXKO,5.2224875304500005
8RZT1QY,28.462104113793327
8TZ31BD,0.41906394868666674
8U22RRT,0.81659853067
8VMATWP,4.226971217008333
8W7VAH2,13.907516096726672
8W9J3U3,3.9252371856133323
8Z4XDBI,0.21397815352500005
8ZSIWPM,31.291722783833325
91KR9VT,28.93948927454333
933QAGH,0.44720571700833334
95NNRDB,3.42987655438
96MA3AF,28.86217999001
97CLVP8,26.028642568131662
98S7F3M,25.577644678700008
99AOQGC,0.39202088737999985
9AWIFKJ,26.34043718923332
9BERHOH,0.7237236184033331
9BFNNF9,6.597243600865
9C9NGOA,1.5762127785733333
9ECLL9Z,34.49105864256669
9HS5M9Z,0.4711851494666666
9HTBUN6,37.022270096216666
9ISLQ60,4.6884535772666664
9J02E7F,4.651587855216667
9L7B971,2.3986844755383347
9ONYDLE,0.7786811808449998
9PDHCA1,38.96148830913334
9PFP18S,1.6246406205666666
9RF4OHB,32.412746530383345
9RIXRTY,0.9579121342699999
9T55WOP,34.4293085748
9TGSTW6,35.650313826150004
9UNT4JY,17.536304559706668
9YGQZWQ,0.5655374928616667
A1OF2EL,10.889414082411673
A29CQ8L,14.56360261003667
A5LQQ0D,0.8072801000866667
A7J2YLO,36.348107440851685
A8KQLUM,0.187073302295
AB21C6W,19.030544644435004
AERL2RY,13.195070819786663
AEUUU5U,22.680023488408334
AG7R283,0.5263593215416666
AJCA5P8,0.25502870105
AJFPZZZ,4.895133547471666
AJSS5A1,21.652912754531666
AKB182C,35.94921867723501
ALDWH1X,2.653981637005
AM4T8JY,2.523510050353334
AM5E92T,5.930782205648336
APPXPKB,0.4517932528149998
AQFXYE9,24.754860351650006
AS5JRV6,14.955312339235002
ATKC6E1,0.5643194772716664
ATRGY6V,0.48048007627166667
AUCA4KA,27.413085004443325
AVHWRWG,0.8576209267749999
AWTEJT5,7.77590682402
AXMPXBT,0.65362075115
AYSTXS1,2.596958174551666
AZ4NS9X,1.3759554984066664
AZK6D4H,9.962306612631666
B21VKS3,0.4651900535900002
B2V9IKE,17.992293392706664
B3NCMQS,3.027353403369999
B6975OR,3.955930268606667
B6KREXD,4.09840510222
B8VHYMI,22.59470038575
BDM72I6,29.239024567650013
BE7TGCB,41.66018440560002
BEQU1O6,0.45831884809666673
BEZN5NA,18.670642881386662
BI9LJ9F,6.079005484788331
BILX913,0.541170223285
BJYZ72X,3.786488989551669
BJZYAU2,33.08981219246667
BK5HDYT,0.4121526909516669
BKM3H10,32.24452796414998
BOHWVWP,26.20116063705334
BOTF02V,0.04888456803999999
BPBJ33N,30.834786116933348
BQKYO2C,1.3441752639533333
BVMB1WZ,0.18076979604166662
BX0I0XW,4.447066774119999
BXZ5ECW,6.048485958818336
C0J0F1P,0.35402911776333335
C30U17K,0.8362927372966663
C4CD8HR,0.5917297924149999
C5R886J,36.044561352066665
C8CSK7D,0.139771527535
CAF3OAU,0.8196188357916667
CB1QAVX,24.60436988043
CDOQIA6,0.6172490485916668
CEQ729A,29.864477366466673
CF0FDBB,28.306250460143342
CGZRMFT,0.05094189003333332
CHGGEJ4,5.9915564764416676
CI7SWQC,16.81117055646167
CKSFQXT,1.0535603132016669
CMDVTUQ,26.99781684725333
CMEGM3B,1.1295769642883335
CMVQOK5,5.720060013936668
CNC6RMY,4.32516744694
CQDFDC9,38.114429934466656
CR90ZYN,7.502636320373333
CRA8AXR,28.306171100076675
CRM7XGR,36.25005617689999
CSJMN94,0.2912433597916666
CSQ8ONL,33.046245425100004
CUA2D7G,0.25656063255833333
CVYLZ5L,2.8435754885350004
CXWW04U,0.9018646786033334
D4GH9YU,6.019671967178336
D4KYOVL,0.5612659372183334
D506X95,37.90328928550834
D5RMK4N,38.2392506226
D6IG1OR,14.709046812813334
DC8TVXY,0.6807560887716665
DCNHKH1,5.295980186126667
DCQAJD1,0.8640888306466665
DD34F1L,41.560299867350025
DE427GM,5.907084807956668
DEYZCCS,26.080750313974992
DFTL7CQ,4.565508215691667
DHC5KRP,0.23352228543666656
DHEVN3I,35.105528035416675
DHQ9UFQ,4.488888498234998
DK4DWMH,22.25185931988499
DK7XROB,5.890332317893334
DLB3WRH,35.10685833321667
DLG0XMA,28.287631706876663
DLRMPO2,1.781541829563333
DMYKPR4,0.07828679069166665
DPXRQX4,0.48066181466333335
DT1A9E3,5.984477915066667
DTMHZ6T,23.616190206558336
DUCAFUH,37.53657978943334
DVTE2AN,42.315541229200036
DXL30LA,35.857889999133334
DXXUNY9,1.4200235780333332
DY5YNRV,0.866848102575
E1FC68F,12.090767779405
E2ILHEI,1.5471736231283342
E2MT71O,24.077658951210015
E2O8E0S,4.028338689238334
E4ESNDQ,17.32652305619834
E64E4F2,34.93207871496667
E8WJ4D6,0.8536150736266666
E9L6ARS,22.70214798417
E9VZB68,17.564864120731666
EAX9J3P,3.270892412760001
EDRQNYR,0.5211877268916667
EG65A2B,32.05677455530168
EGZPSVI,0.2721380536416667
EH228C3,37.90138938710001
EHCONME,9.450288142611669
EHQZ4Y4,29.032990449293326
EIO9DRQ,28.952282763750006
EJVC014,0.27625918048
EKDFDQ7,35.96477699244999
EO8BCE9,0.6344259161349997
EP486A2,0.5731594053566669
EQO0H5O,34.95765215306667
EQYUT34,2.0424835468933322
EU9U747,37.0290634378
EUCT2HM,0.30252269697166667
EWWBQKS,13.137550613514996
F0XCLZ9,2.0887294797283342
F2C382V,6.332724680751668
F4TDEO1,4.828943528560001
F4WT22B,10.950907419201663
F4X93YN,37.33025368163333
F615LRG,5.752443431608332
F6IUZUE,7.631326454451668
F8L4C24,7.161461848931671
F97GO45,14.279498591893336
FAJGHMF,1.0423319103750002
FALCTGY,9.419379929008334
FBCRMC6,24.46243817882501
FBSIOFN,0.30479269066333337
FC5H2XI,0.8055032216250004
FE4YE1C,2.3893356180933334
FEGUXNF,35.888837913816666
FG6RFSL,1.297806774383333
FH3L9HI,1.1609224144883334
FL647DD,0.09601038694833333
FL9EGRN,2.955956918729999
FLUBYBI,35.09169799543332
FMQPOZ2,0.48534549307333313
FMVQMD6,11.82589450555333
FO9ZIP1,33.48148429375
FP4US02,2.985791719816667
FQUA0G8,5.625871494143333
FRKT13D,0.44825351720833334
FRYE2T3,39.633233830449996
FSKQ43U,7.636575903165006
FT4FYXF,0.4687305165483333
FT5NICP,2.9020491216700015
FTFBY3X,5.452248066198333
FTIG3NA,4.8889904828483335
FUNSQ0P,12.095915958361667
FUTQFXD,33.822252133999996
FWL6RHB,0.985115969185
FYGWYUA,5.573302440308332
FYTPD4G,34.371948721566675
FZYBHN0,24.135680868121668
G1IGQ85,0.44138051360833325
G2UPTB4,5.953218601523335
G351CWK,0.6904729117199997
G3WNH2P,6.343900751994998
G4DSUVR,40.81380218483334
G65EE2X,0.16548085415666666
G6PSA7A,3.1537750807866667
G7SVLIP,0.05451486171166668
G87ZFLI,40.55836911798333
GAHA6EE,36.82271527976667
GCJ2R0O,0.8954229553950002
GCR9H4I,25.319591815810004
GDESAIV,8.855902603031668
GFA2A6P,0.5621505660816666
GHY7KTV,27.521195019471666
GJOSYVF,0.07431219402999999
GL8ZFZL,13.157757511226665
GLPX4S2,2.764100839321665
GM4HYV5,20.095405897163328
GNII8UH,0.2292096337566667
GR09SH6,0.10883407150166668
GRF7F86,1.15863384911
GS0GUX3,23.170583544918326
GSSEWG6,8.129938187781665
GVK341T,10.612756011224999
GXE9IT5,12.187710275240004
GXFDASD,21.95661136777833
GYP1U5X,0.0876702094083333
GYZZQUR,6.712216797038336
H051PQS,0.2542321890449999
H068AI4,31.107996714299993
H0BQSMC,19.100279996328336
H0CW9H7,30.91232267683334
H2BBFBM,3.2757143750916655
H2FHGXX,2.8151100238266658
H5ZFFVP,4.0862715994166665
H6B0IBN,1.8941193487933332
H84XHH0,0.16414952222000007
H98LHW6,11.981975567674997
HAICAXI,0.5195530348399998
HB6C2VM,2.345537519481667
HB8UE93,15.703195214951661
HDC1SOW,10.544029879491665
HEHYAN3,3.5802563984416658
HFMBQ2K,3.6311322378500006
HGF3YM1,0.04160325859000001
HJ0J8A4,1.4985232567333335
HJFNQ4Z,17.715271321218335
HKJAHMJ,11.988334467284998
HN2VQUN,27.340475239910006
HNODGSZ,21.977854831554986
HO8AH09,1.1565849322683333
HOMRBI3,0.4167423187699999
HOXIMWQ,0.31551767437999995
HOZAVUD,2.716540998511667
HP6L7CU,0.18129256584333334
HP7G5SI,14.40378105773333
HPDJVKT,12.800656341824999
HPOTGMM,7.255308287238333
HS3ZUIC,0.4912404833599998
HSBI33P,0.5683879739933334
HSQJD7X,0.1662606375683333
HTMSKQH,36.284695146649995
HUOBPRT,22.018525627111668
I08O4A2,0.5125989071716665
I0S99NO,14.505136321101668
I1FLB1X,18.475117823414998
I30EI2M,1.83342812411
I5XXEP6,11.033542716563328
I64GJA9,23.93116485677
I6CB7TV,0.8539278789633333
I6K3TX3,4.262132603905001
I7EWJKO,1.8966843903433341
I915T3L,8.580663932601666
IBG3UBW,8.03059600532333
IBRH0UK,0.41577704845
IBT03YF,0.6776510322066668
IEEF6U2,0.8583437258799996
IERSARJ,18.578369656365002
IGRN0CD,0.758263210036667
IGYTPRV,34.716862433866666
IL6AXV2,0.18614234425833337
ILTB4TJ,34.128310760450006
INQ0595,0.48032867111666655
IPJXBNX,1.0946926459166666
IQ6B52M,2.12032285815
IRJC07R,34.944021228483344
IROJ9OQ,0.4144485996750001
IS3U4NX,0.19425380199999995
ISR4UP5,0.0857058646216667
IUF7U02,27.18051013454331
IZWTRY8,23.90462288957833
J13VWU8,3.785115762648332
J9ZC8KQ,1.8684448319066678
JA5IZI6,0.22572276079666667
JADS7KZ,0.6796162017666666
JDITQLL,31.99893234442833
JDS11FP,35.701543391533335
JERFJPA,35.50294680533333
JGRAFZR,11.827305095288331
JILOBHL,2.945189034593334
JJXZ413,41.143083594183345
JK0JD5Q,0.04502737407666668
JO23YAB,27.436601144496677
JOEY6VD,0.9441113023166663
JONLVA3,36.293400861799995
JOVNCCD,0.1885329053799999
JP7G0TJ,36.27697873730001
JPLEKFP,28.73791005194499
JQIKVQB,1.397004034415
JQLQPLT,0.16775030554833328
JRCABOC,36.74751326703334
JU7L4Z8,1.9944642087549982
JVGSVUU,1.232011770453333
JWB66T9,0.44250787693166677
JWU18S5,7.846299401028334
JWUNRHJ,0.17232565245166673
JXEEO4C,5.0686358790599995
JZGQJ8S,2.3912827898649995
K0N9P1U,4.01827451017
K0X7GEF,12.251964321056665
K10QAFA,19.120592166173328
K1BHMVT,18.597894320788335
K1GUNP7,2.650925400223333
K2LRVIV,12.271025715499997
K41CN5K,1.6510089182616665
K6RTCX4,0.3696055210783334
K8W0QKS,29.36240882468667
KAL2K6J,17.52596563399001
KAVI2N7,0.9138728058316665
KBFI436,0.47982408482500005
KDW4FH2,0.04294697731333333
KFY6NQP,2.2636810989533336
KH965L6,4.490748819416667
KHA8AKR,30.356471626033336
KHZD78Z,0.4625540107566668
KIPA1Z1,0.05792637021833333
KL0XRM7,36.82500794053334
KMQIOPL,27.16790004850667
KNTFONZ,4.6476113030683335
KOG35ZD,5.939777250983333
KR4ZVZU,2.407876667106666
KRILFSB,3.5400019060316663
KT0IR8S,18.33761531763667
KT4DCML,1.1424829268116665
KT4DV8U,0.4819140609783332
KV9S7BO,0.38264845894999994
KYV0YPK,2.3299741581650006
KYWK5FL,4.070067264553333
KZ6HHR7,0.19060501483333334
KZ9I7G4,25.483624866403332
KZDA0TR,2.7045467027916668
L14R619,0.07009061565166669
L14TI9W,0.18186302245166666
L296CLJ,0.9699739220800003
L2SH4Z3,0.3435514692700001
L3108JM,23.902857247496673
L3M3MP4,1.232038066333333
L3RDZF7,38.01293515551666
L5KP644,23.574882244628334
L90MOJU,0.05314183384833331
LABCTSY,2.0719045980049997
LB9DYZX,2.00280304747
LBJ4V47,11.920913790973339
LCNON4M,8.34177294095
LE0ZIZO,0.9042031810216664
LI27M5L,0.06277712394333332
LJ2XPP0,0.538584928415
LJX33VY,0.2206575465583332
LN1CZWZ,26.779786133155
LNGUZ2C,41.26635194708335
LNLWG10,0.10390840500333333
LNNL1RQ,0.5661869570199999
LOA8BK5,25.84493067516334
LOZM079,20.906433436066674
LR7MT81,13.962771094499997
LRJ3LYZ,0.4924226285950002
LTSRY8L,2.9313990064899995
LU5H6KW,0.05456060280666666
LVDXGC6,0.29354924371333324
LWVVA1Q,0.6308267994399999
LXFQZIP,22.86867161341
LXQNDTB,13.750141123298338
LY89Y4W,0.15394813972333332
LYFZXE7,2.3392218924566675
M0L2YZI,14.84387832852833
M0RK3DS,36.55091170954999
M3G1XV8,3.759859359731668
M4HMED4,1.8460796793816672
M8H3UGM,3.375318922458332
MAGHREI,0.18701435533499994
MB9HM4N,0.20625730711999996
MBCPBZ6,3.3372285578766667
MCHTPDO,4.84947300397
MDDALNY,30.568553011968337
MDY5G9V,24.425096527458333
MFN67G9,2.2582210667433333
MHNMH6Z,1.8644119148949998
MIG763X,0.06888201526416668
MJLGMEK,1.493039475295
MJO75IU,0.19964480246166655
MKVHOLH,5.971235688188333
MM37PJI,12.876208596646666
MMCJPLL,17.056993481341678
MMTJANS,30.371701944810003
MN59YXM,14.336336081064996
MOC9YLU,0.4066717896566665
MOI31TE,35.144793846
MQ3XADH,22.539773928476663
MSXTFXP,0.14731945490999998
MTBC19M,10.930947092746669
MVXMSBI,0.4384316638233334
MX9JAX5,25.11142569119001
MXWBZDB,22.222387575859997
MYKRT2F,0.704613012008333
MZOQHE1,24.08857559503167
N01GIXS,1.4743157295883333
N04RVND,10.390060463183335
N06USYP,22.817844256431663
N2KF0V7,1.989697413860001
N4NLMES,1.9755284156133337
N7GJMJC,0.0657528936033333
N7HHK3S,11.267904797616671
N7ZUKG2,2.705997309423333
N9T6VLM,32.18478999536667
NAYJB10,36.343451390796666
ND0JYDB,37.28839723115
NDL8SYB,6.276327371978329
NGHQY9E,0.18741637318999993
NGPVLJR,1.2820577995166667
NI07H6B,35.35123744203336
NIV1PX6,0.5421425561483334
NIZ8E6V,0.3025987608616666
NJBXEA9,28.81749718603333
NJCV4SV,5.421995486280001
NK25JX7,4.270447255804998
NK595I5,3.261868167076668
NKJZ0P2,0.29463262215333325
NLSHK5G,3.0939858448266664
NM86P1X,1.1555891240950003
NMJ91KT,5.334877806428333
NMOE9MS,13.643120958326662
NMQB7KY,3.261735807643334
NOGV1OL,0.22248073450333336
NS1NM6I,37.001423415033344
NT4Q0ZN,22.44883571536999
NTE87ZD,17.569560302943326
NU8EA7A,2.1808333121450008
NUJU0CV,1.0074931915566667
NW13DAE,29.91563357581167
NW3L55I,0.1559887342033333
NXU1FAJ,0.5527618962683334
NYODCCH,0.8258231137899997
NYX6H0Y,0.6718644561949999
NYY0XPX,3.2287431546583325
NZJ061W,1.411975673138333
O0B0W9W,0.20536247636833324
O2RJ5K0,1.2495144893333332
O44FHVP,4.879052827516667
O54VQNV,18.93944544404834
O66E2GD,21.865439591634992
O6BUZ4X,0.06417476266499998
O72ZAMH,1.682809050588333
O8TLCHZ,0.7048887148566664
OAJK6MW,27.921394304943334
OAUV81P,1.0125581374716661
OBMXWKQ,22.10599898761334
ODNFJ1I,0.22115540129000005
OE6CHSJ,2.7081322907466667
OFISK6Z,2.5948810018216664
OGJCMH5,0.7231209395599998
OHHERMF,9.675394806691672
OHRIL2J,5.868475320369998
OIIQANC,0.15123154826000004
OJF3LBX,0.25405032271
OJFDFUL,32.51368271121667
OJV6V0S,14.838417490613333
OK14ZYP,3.827046386166666
OK549UV,0.09388632700166666
OKR2Z1E,13.421485181211672
ORDQF56,4.425791963261669
OSU9FUF,0.34702159422333323
OTWHFDS,5.8158115296699995
OUDIE7M,0.5911341135433331
OV0H82B,0.43021633823500005
OWWO3TJ,1.5227711511849997
OY6MMSI,31.832399323459992
P01O5SE,4.095516286651667
P0AURVR,5.176723008679999
P0PNAP5,41.46966344426667
P0YRLF8,36.29872207301666
P101U1Y,14.208357736958336
P12LTXP,0.6019800362400001
P50W51Q,35.5381905475
P5DRBT5,24.356366628296666
P6FYCS3,0.10078186859833328
P9TF6H0,22.28379669256167
PBNG5I2,5.057907495481665
PC3PTM2,0.2652636515483333
PCGXFAT,35.24829517711669
PFZJUDY,0.8685485880983336
PG0TUFO,2.703845305216666
PG8VHKY,0.2619408548083333
PGYPB96,0.8762778725050003
PM9ZGVN,0.08729353123999997
PMPI904,12.464222258491668
PN2QXU4,0.20557987299833336
PN5AEJR,3.0429875006150007
PNJ2S96,0.6119477932933333
PPH0474,15.686442120224994
PPOUS3C,12.893413511759997
PQOZQ9W,6.2648697802549975
PR60JLQ,7.330589904735
PUR3YEG,3.932431803611666
PUT5QUT,30.994514875450008
PUWWXS3,3.350807532388333
PUYBLCL,4.117946030978334
PV7EBPS,3.490264795526666
PVXKA3W,0.8499278098450002
PWC55BT,35.853077029249995
PWQR8P5,41.46921491850168
PWS7UD9,0.46183474180666656
PX46FE3,0.6611411079183332
PXXEFA4,33.71518758158334
PZUN8NP,1.7302260489616672
Q1HNN28,7.145917829213334
Q1PCL13,0.2973579674333334
Q2JRIJN,36.056047459800006
Q5CFP2T,0.4809402584133335
Q6143KU,5.624021518826667
Q6U5I4N,0.07900844597666665
Q8BIIZU,0.9544154249516668
QAMMRSD,23.26832064295667
QAVLQCN,2.2635117420533333
QB85T37,0.47888674435833317
QBSVYYD,0.9049584132383331
QC4RN0Z,26.34953290095
QCIILW3,36.84679353093334
QD2GE6I,4.693748976428335
QDAV94C,0.5651333446900002
QDDDZYT,3.724895156983333
QDPYL2U,0.47176470215500016
QFG60LS,3.6560913793716656
QGCAKZ6,28.573620449536666
QH706K1,26.89040754814833
QJWTY2B,6.096146278333334
QL9SLDS,0.785508824925
QLFK8BS,1.7643236886416673
QN3PKLF,33.18074941117666
QOEBOR8,30.425795277944996
QRT7KJF,5.866818780371666
QYE25PI,24.009716966306673
R0XEUCT,0.26985789951833333
R3H5L23,31.705951893863325
R48DF2L,1.6180829297883335
R5927WW,0.07663349333
R6LT29V,0.35886521448999986
R8YU11R,3.470541258931665
R979NJ6,0.1428509858716666
RBAQOFV,0.4226056263299999
RBHGOKY,0.8496760009500004
RCQGWY3,2.592066390648333
RDG6JOX,26.33413727773333
RE3QZSQ,9.072234434179995
RG750W1,27.791457436916662
RHK3W5P,25.485074382718327
RHTASON,4.986046402206667
RIA9L1X,0.5005679119216668
RIWAT3Q,3.7321970784349996
RJN1OGL,2.4361153968316662
RKRR2HK,25.9416646121
RKX72I7,0.34192111238499984
RQ18H79,6.702364884666668
RQ1U4BU,1.5230707181983336
RQID34P,0.7498269323066669
RS6CKPN,0.126829403265
RV6TP2Y,1.8623879522783333
RWWNTNS,26.340592297020006
RX0JEQP,17.423250297115004
RX6KMNP,0.16611619825666668
RXPYHF3,0.9945414145699999
RYFH3P3,19.629068823849995
S0Y29Q5,1.587654251328333
S2L6QF0,2.251475048988334
S2Y87VX,34.422432540384996
S4ZYSZU,20.92281209791666
S99UBPA,2.6042906059833326
SBR1I5B,13.939621987035002
SBYNJPC,28.626864841165
SCLUFL4,34.949663314108335
SCMB4HS,5.688239424061667
SDHV2E2,3.3799420782783343
SDLC84L,0.5577370156533332
SFW9WE4,35.99822976910001
SHKI70P,0.4476451799333332
SHVSINU,17.386772900066667
SISXQO1,3.061855753465
SK239FE,0.12807524334500003
SLWT623,12.233487303846665
SOWKV4B,4.471038538184998
SQY1S3T,1.192037760395
SRML5XX,31.892855343498336
SSEAUO8,12.720027957469995
ST21GGG,2.6032952382033328
STSE3UQ,1.8863447654399992
SUO3D2H,26.627122155706683
SWFDSHK,4.384844050464999
SWKZV33,0.42763383586333314
SXSHSV4,38.80427611259997
SYOY7YP,15.182795314566661
SZYVVAJ,0.32337944238499994
T16HRPB,40.24428652115002
T3FQ1IO,0.6783063873383334
T550RFY,31.935253873916675
T6GPZ9H,0.3184251237733332
T76P2C4,12.246853453718336
T87F8W7,0.06384033997666666
T91IVRT,4.518562167356667
T9DMXO7,0.6704830652716666
TA0D4P0,0.15954472188166674
TA8ZG38,27.122932902300008
TAHVMK0,2.142603510345001
TB7TL8P,0.35742682871
TCUK28W,28.07191180552667
TD4M9IK,10.12962994612
TDAXQX1,3.2497105998950016
TE59SSX,0.34714930240000025
TGOMFD8,5.018320728243332
TH952D6,0.5922173454566665
TI0U4IY,28.71083307637666
TJ40R7Z,22.583231959525
TKML29Z,0.09891938741166667
TKY534E,0.9125906302266666
TLBPRJT,0.4591136911483333
TLRP1RN,3.8106669004800007
TM2BCK1,38.15240824605
TNDL3KQ,28.85604142412667
TOC5EQQ,0.24289994830166667
TOM8OZI,0.49265886945
TORWZ2S,7.181118926451669
TPQ42FD,2.5659741536716667
TQK8SE6,3.7640498031233323
TS6ARCC,4.990558880191667
TSIHOGS,18.52293802739667
TSSOEEC,0.9811890479883333
TV0NYBT,35.9050612617
TVCIMNO,1.6193152160016666
U26ISD7,0.12882976763333331
U3KWRHP,17.733564465961663
U7CE78T,23.778361587126668
U7OFXYN,23.721833618353322
UCERMV9,2.7601722108116666
UDRXCVI,0.09517259709333331
UDVPP7H,35.17699865751668
UDVQQGH,1.6896388411150003
UEMFQN8,34.03231350966667
UEPBGEN,16.286673408778324
UFQYCD6,35.14466427375
UG4033A,3.611866773955
UGBKXR4,0.09562652229166663
UHH0JMJ,23.168688783938332
UII41SH,0.18776454470166665
UJHDJHG,34.462537188133325
UJUYOLI,0.31304316627833334
UKFHU8P,13.835133854434993
ULKCFXQ,0.1395067479116667
UMXNA7S,1.3870007621166662
UNXLCFA,0.18936249985499987
UOTYB4Z,1.8184292204633332
UPLYPDZ,30.05711649241666
URDFM9C,0.6216143372233333
UUYQ8U8,0.08763990608166664
UWC9O6R,0.08352629546833334
V17SWCB,7.535679710455005
V4AG3BZ,34.788771769505004
V4TGYUD,1.9933844780966665
V55FAD9,0.07943127073999999
V6J7H8M,2.2508586765616663
V6KT9YF,0.6936388264766664
V72HTL3,2.8378303271700003
V7M38SK,1.777157886638333
V82OVOR,0.19889914937333328
V8CR93T,2.242637066114999
V8JIS8T,0.22507594705999984
V9AFHQD,18.917113332648338
VA2T7KX,0.2660990113599999
VBABIFF,3.7838809189300004
VCGV5PO,1.0009156101083334
VCOS60V,15.138425410986667
VGIYTG8,3.4352770490916646
VIYJ2S1,19.785346607485
VJ4J06X,35.272890975283346
VKEJEZ4,5.096430086104999
VKLQ39V,0.05438525257333335
VLTLL4G,4.281942595578334
VLYY49A,0.1925285567133333
VQUNXHA,1.310697181725
VSI7BPX,23.165334197509996
VSNMUB5,13.989427506533334
VTI2CHZ,23.455813997293333
VTYXS93,10.710072728218336
VUBGIAF,0.5530066903083332
VUO6R2Z,0.8035034766383328
VWCFGYF,2.5930427251966672
VXNG30P,25.69082825951001
VYMVWT9,10.240907618296669
VYNVAPY,31.330671593250013
VYWR87L,7.45138559345167
VZEPXPG,19.69956564001499
VZICCTI,2.662310070215001
W0CNP79,0.531845073805
W2Z6J2Z,32.65819015316001
W5T6T2N,28.404761924049986
W6VEMPQ,22.54114565614167
W7R3LVZ,0.24107022327333333
W9AWQ4O,0.09022139205999995
W9YLEKZ,0.87844097933
WBPJA6G,0.4978249693066666
WBVEPDT,0.0762838680133333
WG31KFR,4.277389065814997
WG7DVB6,39.491629642350006
WGWWSS0,25.439126998311657
WJHOBLB,22.259092857745
WL27YXX,4.767436533383334
WN4C63S,2.926828299838334
WQ4CH8P,0.3107618267316667
WQ4YJXP,5.104390632534998
WUSOYJK,0.6530812449383332
WV0SZOG,0.07272739354
X11R9DJ,7.879053063646668
X2FJEJ4,26.622813457180005
X55EOMC,3.2046359768666677
X73JLGE,0.4306490886666669
X7K5LU8,0.6431527314433332
X9G3F3Z,18.369633323476673
XA2NBUP,20.367980614811664
XAZ35LW,0.10992971655833332
XC8ETQL,23.503974528836665
XDHC6GG,33.61976679021669
XHQI8KL,39.26674410851669
XIIGZTS,36.439046285799996
XJRGZRJ,3.3990322014616674
XM7IJ8L,0.05651312471166667
XT6TNAN,35.86905471080833
XT7CRZU,4.648230530121665
XU5DGS2,4.550056523738332
XU9XIXF,11.534688728428334
XVZ2RIL,4.199373329086666
XW1490D,23.750216651078325
Y1119PM,0.2581099825033333
Y1M2G3O,0.41382499117000004
Y2V57FE,15.600922793526665
Y3AKS6U,0.1732774238183334
Y3W7VYK,0.23250094676333322
Y4VZQZF,6.247421661068337
Y5EMJGV,4.003638556331665
Y7G7PMW,1.8124089754100003
Y80ASGS,28.64490321602667
Y8LZQKT,1.875721805453333
Y8Y08IC,2.3968873719916663
Y9EHU0R,39.23410538115001
YAKYSNG,2.9703784031616665
YCMP3TK,0.5304158244283333
YDL00PC,0.31110790137500005
YE0GB1U,14.926449810426668
YEZMCKP,0.9256970983283336
YF7VZYM,6.454676063761671
YFO7J6P,0.4747615576033332
YHX5E97,36.20066978436665
YJ5CIHU,4.2403039218666665
YJFF28O,24.76990224605668
YJLAFIK,8.608760731661665
YJTJ3L0,13.304532074311672
YLM1PNU,34.51540918864999
YMPLAGW,38.913679575599986
YN8E8G6,3.302597231168332
YNH3CWY,0.5189479950116666
YO2YZY4,36.76023831993334
YORBIHJ,23.118353251391664
YQ3FRP1,30.673352334578322
YQU7L9F,1.570125468873334
YV20EMP,31.395037626858333
YV2IUYV,9.04352680878
YXAANFN,0.8560404583299998
YXK58V3,23.527803639583336
YXLBNNQ,0.6970461348533332
YXLY3B3,0.5564478122066668
YZ5ZC6D,28.732606019076673
YZ8PFXZ,0.3646788196233335
Z1A2M3S,0.8176830802983333
Z37PQTQ,1.3465081717533331
Z51GAXD,0.33888054157666675
Z6JMNCM,12.50295732504167
Z792KK0,29.161424205093336
Z9C6CFV,26.06602140176668
ZAOFFCZ,13.702298686854999
ZCIA93Q,32.96924447374999
ZDJMCKC,37.57469130956668
ZFB9S4P,6.33541056954667
ZFM74S5,5.227100852881666
ZH2B8CW,3.599987798371668
ZHXKN8M,29.526199854766663
ZHY9YK1,7.759466111763334
ZLVOYMA,31.96174535958333
ZM60DUE,0.2449748249983333
ZMIUDEL,28.141318628759997
ZMNMD3T,37.76059532549999
ZNEIOE5,23.35367079777833
ZNKN081,6.287775908988332
ZO1LB7F,3.348478277848335
ZPENM3F,0.8371938765683337
ZPMPL47,2.426992409025
ZQFMQVU,32.26088797081666
ZRAHMG2,0.6890776092216665
ZS0Z900,34.56855014253335
ZSNE8SY,3.899742894596666
ZUX503E,0.3965731925066666
ZV3KA4K,19.993844892156666
ZV99Z7P,0.7941665680183333
ZVO9F7A,1.8096944616766668
ZVVA1LV,1.1607092926033333
ZXHN2A8,1.1131812096866665
